"name","description","page"
"ensembl_gene_id","Gene stable ID","feature_page"
"ensembl_transcript_id","Transcript stable ID","feature_page"
"ensembl_peptide_id","Protein stable ID","feature_page"
"ensembl_exon_id","Exon stable ID","feature_page"
"description","Gene description","feature_page"
"chromosome_name","Chromosome/scaffold name","feature_page"
"start_position","Gene start (bp)","feature_page"
"end_position","Gene end (bp)","feature_page"
"strand","Strand","feature_page"
"band","Karyotype band","feature_page"
"transcript_start","Transcript start (bp)","feature_page"
"transcript_end","Transcript end (bp)","feature_page"
"transcription_start_site","Transcription start site (TSS)","feature_page"
"transcript_length","Transcript length (including UTRs and CDS)","feature_page"
"external_gene_name","Gene name","feature_page"
"external_gene_source","Source of gene name","feature_page"
"external_transcript_name","Transcript name","feature_page"
"external_transcript_source_name","Source of transcript name","feature_page"
"transcript_count","Transcript count","feature_page"
"percentage_gene_gc_content","Gene % GC content","feature_page"
"gene_biotype","Gene type","feature_page"
"transcript_biotype","Transcript type","feature_page"
"source","Source (gene)","feature_page"
"transcript_source","Source (transcript)","feature_page"
"external_synonym","Gene Synonym","feature_page"
"go_id","GO term accession","feature_page"
"name_1006","GO term name","feature_page"
"definition_1006","GO term definition","feature_page"
"go_linkage_type","GO term evidence code","feature_page"
"namespace_1003","GO domain","feature_page"
"goslim_goa_accession","GOSlim GOA Accession(s)","feature_page"
"goslim_goa_description","GOSlim GOA Description","feature_page"
"bindingdb","BindingDB ID","feature_page"
"biocyc","BioCyc ID","feature_page"
"brenda","BRENDA ID","feature_page"
"dip","DIP ID","feature_page"
"drugbank","DrugBank ID","feature_page"
"intenz","EnzymeCommission ID","feature_page"
"ena_feature_gene","European Nucleotide Archive feature (gene source) ID","feature_page"
"ena_feature_transcript","European Nucleotide Archive feature (transcript source) ID","feature_page"
"ena_feature_protein","European Nucleotide Archive feature (translation source) ID","feature_page"
"protein_id","INSDC protein ID","feature_page"
"kegg_enzyme","KEGG Pathway and Enzyme ID","feature_page"
"merops","MEROPS - the Peptidase Database ID","feature_page"
"metacyc","MetaCyc ID","feature_page"
"pdb","PDB ID","feature_page"
"peroxibase","PeroxiBase ID","feature_page"
"pride","PRIDE ID","feature_page"
"reactome","Reactome ID","feature_page"
"rfam","RFAM ID","feature_page"
"swiss_model","SWISS-MODEL ID","feature_page"
"trnascan_se","tRNAScan-SE ID","feature_page"
"uniparc","UniParc ID","feature_page"
"unipathway","UniPathway ID","feature_page"
"goa","UniProtKB-Gene Ontology Annotation ID","feature_page"
"uniprotswissprot","UniProtKB/Swiss-Prot ID","feature_page"
"uniprotsptrembl","UniProtKB/TrEMBL ID","feature_page"
"family","Ensembl Protein Family ID(s)","feature_page"
"family_description","Ensembl Family Description","feature_page"
"cdd","CDD ID","feature_page"
"cdd_start","CDD start","feature_page"
"cdd_end","CDD end","feature_page"
"gene3d","Gene3D ID","feature_page"
"gene3d_start","Gene3D start","feature_page"
"gene3d_end","Gene3D end","feature_page"
"hamap","HAMAP ID","feature_page"
"hamap_start","HAMAP start","feature_page"
"hamap_end","HAMAP end","feature_page"
"hmmpanther","PANTHER ID","feature_page"
"hmmpanther_start","PANTHER start","feature_page"
"hmmpanther_end","PANTHER end","feature_page"
"pfam","Pfam ID","feature_page"
"pfam_start","Pfam start","feature_page"
"pfam_end","Pfam end","feature_page"
"pirsf","PIRSF ID","feature_page"
"pirsf_start","PIRSF start","feature_page"
"pirsf_end","PIRSF end","feature_page"
"prints","Prints ID","feature_page"
"prints_start","Prints start","feature_page"
"prints_end","Prints end","feature_page"
"scanprosite","PROSITE patterns ID","feature_page"
"scanprosite_start","PROSITE patterns start","feature_page"
"scanprosite_end","PROSITE patterns end","feature_page"
"pfscan","PROSITE profiles ID","feature_page"
"pfscan_start","PROSITE profiles start","feature_page"
"pfscan_end","PROSITE profiles end","feature_page"
"sfld","SFLD ID","feature_page"
"sfld_start","SFLD start","feature_page"
"sfld_end","SFLD end","feature_page"
"smart","SMART ID","feature_page"
"smart_start","SMART start","feature_page"
"smart_end","SMART end","feature_page"
"superfamily","Superfamily ID","feature_page"
"superfamily_start","Superfamily start","feature_page"
"superfamily_end","Superfamily end","feature_page"
"tigrfam","TIGRFAM ID","feature_page"
"tigrfam_start","TIGRFAM start","feature_page"
"tigrfam_end","TIGRFAM end","feature_page"
"interpro","Interpro ID","feature_page"
"interpro_short_description","Interpro Short Description","feature_page"
"interpro_description","Interpro Description","feature_page"
"interpro_start","Interpro start","feature_page"
"interpro_end","Interpro end","feature_page"
"chainp","Chain peptide","feature_page"
"chainp_start","Chain peptide start","feature_page"
"chainp_end","Chain peptide end","feature_page"
"mobidblite","MobiDB lite","feature_page"
"mobidblite_start","MobiDB lite start","feature_page"
"mobidblite_end","MobiDB lite end","feature_page"
"ncoils","Coiled-coils (Ncoils)","feature_page"
"ncoils_start","Coiled-coils (Ncoils) start","feature_page"
"ncoils_end","Coiled-coils (Ncoils) end","feature_page"
"seg","Low complexity (Seg)","feature_page"
"seg_start","Low complexity (Seg) start","feature_page"
"seg_end","Low complexity (Seg) end","feature_page"
"signalp","Cleavage site (Signalp)","feature_page"
"signalp_start","Cleavage site (Signalp) start","feature_page"
"signalp_end","Cleavage site (Signalp) end","feature_page"
"tmhmm","Transmembrane helices","feature_page"
"tmhmm_start","Transmembrane helices start","feature_page"
"tmhmm_end","Transmembrane helices end","feature_page"
"ensembl_gene_id","Gene stable ID","structure"
"ensembl_transcript_id","Transcript stable ID","structure"
"ensembl_peptide_id","Protein stable ID","structure"
"chromosome_name","Chromosome/scaffold name","structure"
"start_position","Gene start (bp)","structure"
"end_position","Gene end (bp)","structure"
"transcript_start","Transcript start (bp)","structure"
"transcript_end","Transcript end (bp)","structure"
"transcription_start_site","Transcription start site (TSS)","structure"
"transcript_length","Transcript length (including UTRs and CDS)","structure"
"strand","Strand","structure"
"external_gene_name","Gene name","structure"
"external_gene_source","Source of gene name","structure"
"5_utr_start","5' UTR start","structure"
"5_utr_end","5' UTR end","structure"
"3_utr_start","3' UTR start","structure"
"3_utr_end","3' UTR end","structure"
"cds_length","CDS Length","structure"
"transcript_count","Transcript count","structure"
"description","Gene description","structure"
"gene_biotype","Gene type","structure"
"exon_chrom_start","Exon region start (bp)","structure"
"exon_chrom_end","Exon region end (bp)","structure"
"is_constitutive","Constitutive exon","structure"
"rank","Exon rank in transcript","structure"
"phase","Start phase","structure"
"end_phase","End phase","structure"
"cdna_coding_start","cDNA coding start","structure"
"cdna_coding_end","cDNA coding end","structure"
"genomic_coding_start","Genomic coding start","structure"
"genomic_coding_end","Genomic coding end","structure"
"ensembl_exon_id","Exon stable ID","structure"
"cds_start","CDS start","structure"
"cds_end","CDS end","structure"
"ensembl_gene_id","Gene stable ID","homologs"
"ensembl_transcript_id","Transcript stable ID","homologs"
"ensembl_peptide_id","Protein stable ID","homologs"
"chromosome_name","Chromosome/scaffold name","homologs"
"start_position","Gene start (bp)","homologs"
"end_position","Gene end (bp)","homologs"
"strand","Strand","homologs"
"band","Karyotype band","homologs"
"external_gene_name","Gene name","homologs"
"external_gene_source","Source of gene name","homologs"
"transcript_count","Transcript count","homologs"
"percentage_gene_gc_content","Gene % GC content","homologs"
"description","Gene description","homologs"
"agossypii_eg_homolog_ensembl_gene","Ashbya gossypii gene stable ID","homologs"
"agossypii_eg_homolog_associated_gene_name","Ashbya gossypii gene name","homologs"
"agossypii_eg_homolog_ensembl_peptide","Ashbya gossypii protein or transcript stable ID","homologs"
"agossypii_eg_homolog_chromosome","Ashbya gossypii chromosome/scaffold name","homologs"
"agossypii_eg_homolog_chrom_start","Ashbya gossypii chromosome/scaffold start (bp)","homologs"
"agossypii_eg_homolog_chrom_end","Ashbya gossypii chromosome/scaffold end (bp)","homologs"
"agossypii_eg_homolog_canonical_transcript_protein","Query protein or transcript ID","homologs"
"agossypii_eg_homolog_subtype","Last common ancestor with Ashbya gossypii","homologs"
"agossypii_eg_homolog_orthology_type","Ashbya gossypii homology type","homologs"
"agossypii_eg_homolog_perc_id","%id. target Ashbya gossypii gene identical to query gene","homologs"
"agossypii_eg_homolog_perc_id_r1","%id. query gene identical to target Ashbya gossypii gene","homologs"
"agossypii_eg_homolog_orthology_confidence","Ashbya gossypii orthology confidence [0 low, 1 high]","homologs"
"aclavatus_eg_homolog_ensembl_gene","Aspergillus clavatus NRRL 1 gene stable ID","homologs"
"aclavatus_eg_homolog_associated_gene_name","Aspergillus clavatus NRRL 1 gene name","homologs"
"aclavatus_eg_homolog_ensembl_peptide","Aspergillus clavatus NRRL 1 protein or transcript stable ID","homologs"
"aclavatus_eg_homolog_chromosome","Aspergillus clavatus NRRL 1 chromosome/scaffold name","homologs"
"aclavatus_eg_homolog_chrom_start","Aspergillus clavatus NRRL 1 chromosome/scaffold start (bp)","homologs"
"aclavatus_eg_homolog_chrom_end","Aspergillus clavatus NRRL 1 chromosome/scaffold end (bp)","homologs"
"aclavatus_eg_homolog_canonical_transcript_protein","Query protein or transcript ID","homologs"
"aclavatus_eg_homolog_subtype","Last common ancestor with Aspergillus clavatus NRRL 1","homologs"
"aclavatus_eg_homolog_orthology_type","Aspergillus clavatus NRRL 1 homology type","homologs"
"aclavatus_eg_homolog_perc_id","%id. target Aspergillus clavatus NRRL 1 gene identical to query gene","homologs"
"aclavatus_eg_homolog_perc_id_r1","%id. query gene identical to target Aspergillus clavatus NRRL 1 gene","homologs"
"aclavatus_eg_homolog_orthology_confidence","Aspergillus clavatus NRRL 1 orthology confidence [0 low, 1 high]","homologs"
"nfischeri_eg_homolog_ensembl_gene","Aspergillus fischeri NRRL 181 gene stable ID","homologs"
"nfischeri_eg_homolog_associated_gene_name","Aspergillus fischeri NRRL 181 gene name","homologs"
"nfischeri_eg_homolog_ensembl_peptide","Aspergillus fischeri NRRL 181 protein or transcript stable ID","homologs"
"nfischeri_eg_homolog_chromosome","Aspergillus fischeri NRRL 181 chromosome/scaffold name","homologs"
"nfischeri_eg_homolog_chrom_start","Aspergillus fischeri NRRL 181 chromosome/scaffold start (bp)","homologs"
"nfischeri_eg_homolog_chrom_end","Aspergillus fischeri NRRL 181 chromosome/scaffold end (bp)","homologs"
"nfischeri_eg_homolog_canonical_transcript_protein","Query protein or transcript ID","homologs"
"nfischeri_eg_homolog_subtype","Last common ancestor with Aspergillus fischeri NRRL 181","homologs"
"nfischeri_eg_homolog_orthology_type","Aspergillus fischeri NRRL 181 homology type","homologs"
"nfischeri_eg_homolog_perc_id","%id. target Aspergillus fischeri NRRL 181 gene identical to query gene","homologs"
"nfischeri_eg_homolog_perc_id_r1","%id. query gene identical to target Aspergillus fischeri NRRL 181 gene","homologs"
"nfischeri_eg_homolog_orthology_confidence","Aspergillus fischeri NRRL 181 orthology confidence [0 low, 1 high]","homologs"
"aflavus_eg_homolog_ensembl_gene","Aspergillus flavus NRRL3357 gene stable ID","homologs"
"aflavus_eg_homolog_associated_gene_name","Aspergillus flavus NRRL3357 gene name","homologs"
"aflavus_eg_homolog_ensembl_peptide","Aspergillus flavus NRRL3357 protein or transcript stable ID","homologs"
"aflavus_eg_homolog_chromosome","Aspergillus flavus NRRL3357 chromosome/scaffold name","homologs"
"aflavus_eg_homolog_chrom_start","Aspergillus flavus NRRL3357 chromosome/scaffold start (bp)","homologs"
"aflavus_eg_homolog_chrom_end","Aspergillus flavus NRRL3357 chromosome/scaffold end (bp)","homologs"
"aflavus_eg_homolog_canonical_transcript_protein","Query protein or transcript ID","homologs"
"aflavus_eg_homolog_subtype","Last common ancestor with Aspergillus flavus NRRL3357","homologs"
"aflavus_eg_homolog_orthology_type","Aspergillus flavus NRRL3357 homology type","homologs"
"aflavus_eg_homolog_perc_id","%id. target Aspergillus flavus NRRL3357 gene identical to query gene","homologs"
"aflavus_eg_homolog_perc_id_r1","%id. query gene identical to target Aspergillus flavus NRRL3357 gene","homologs"
"aflavus_eg_homolog_orthology_confidence","Aspergillus flavus NRRL3357 orthology confidence [0 low, 1 high]","homologs"
"anidulans_eg_homolog_ensembl_gene","Aspergillus nidulans gene stable ID","homologs"
"anidulans_eg_homolog_associated_gene_name","Aspergillus nidulans gene name","homologs"
"anidulans_eg_homolog_ensembl_peptide","Aspergillus nidulans protein or transcript stable ID","homologs"
"anidulans_eg_homolog_chromosome","Aspergillus nidulans chromosome/scaffold name","homologs"
"anidulans_eg_homolog_chrom_start","Aspergillus nidulans chromosome/scaffold start (bp)","homologs"
"anidulans_eg_homolog_chrom_end","Aspergillus nidulans chromosome/scaffold end (bp)","homologs"
"anidulans_eg_homolog_canonical_transcript_protein","Query protein or transcript ID","homologs"
"anidulans_eg_homolog_subtype","Last common ancestor with Aspergillus nidulans","homologs"
"anidulans_eg_homolog_orthology_type","Aspergillus nidulans homology type","homologs"
"anidulans_eg_homolog_perc_id","%id. target Aspergillus nidulans gene identical to query gene","homologs"
"anidulans_eg_homolog_perc_id_r1","%id. query gene identical to target Aspergillus nidulans gene","homologs"
"anidulans_eg_homolog_orthology_confidence","Aspergillus nidulans orthology confidence [0 low, 1 high]","homologs"
"aoryzae_eg_homolog_ensembl_gene","Aspergillus oryzae RIB40 gene stable ID","homologs"
"aoryzae_eg_homolog_associated_gene_name","Aspergillus oryzae RIB40 gene name","homologs"
"aoryzae_eg_homolog_ensembl_peptide","Aspergillus oryzae RIB40 protein or transcript stable ID","homologs"
"aoryzae_eg_homolog_chromosome","Aspergillus oryzae RIB40 chromosome/scaffold name","homologs"
"aoryzae_eg_homolog_chrom_start","Aspergillus oryzae RIB40 chromosome/scaffold start (bp)","homologs"
"aoryzae_eg_homolog_chrom_end","Aspergillus oryzae RIB40 chromosome/scaffold end (bp)","homologs"
"aoryzae_eg_homolog_canonical_transcript_protein","Query protein or transcript ID","homologs"
"aoryzae_eg_homolog_subtype","Last common ancestor with Aspergillus oryzae RIB40","homologs"
"aoryzae_eg_homolog_orthology_type","Aspergillus oryzae RIB40 homology type","homologs"
"aoryzae_eg_homolog_perc_id","%id. target Aspergillus oryzae RIB40 gene identical to query gene","homologs"
"aoryzae_eg_homolog_perc_id_r1","%id. query gene identical to target Aspergillus oryzae RIB40 gene","homologs"
"aoryzae_eg_homolog_orthology_confidence","Aspergillus oryzae RIB40 orthology confidence [0 low, 1 high]","homologs"
"aterreus_eg_homolog_ensembl_gene","Aspergillus terreus NIH2624 gene stable ID","homologs"
"aterreus_eg_homolog_associated_gene_name","Aspergillus terreus NIH2624 gene name","homologs"
"aterreus_eg_homolog_ensembl_peptide","Aspergillus terreus NIH2624 protein or transcript stable ID","homologs"
"aterreus_eg_homolog_chromosome","Aspergillus terreus NIH2624 chromosome/scaffold name","homologs"
"aterreus_eg_homolog_chrom_start","Aspergillus terreus NIH2624 chromosome/scaffold start (bp)","homologs"
"aterreus_eg_homolog_chrom_end","Aspergillus terreus NIH2624 chromosome/scaffold end (bp)","homologs"
"aterreus_eg_homolog_canonical_transcript_protein","Query protein or transcript ID","homologs"
"aterreus_eg_homolog_subtype","Last common ancestor with Aspergillus terreus NIH2624","homologs"
"aterreus_eg_homolog_orthology_type","Aspergillus terreus NIH2624 homology type","homologs"
"aterreus_eg_homolog_perc_id","%id. target Aspergillus terreus NIH2624 gene identical to query gene","homologs"
"aterreus_eg_homolog_perc_id_r1","%id. query gene identical to target Aspergillus terreus NIH2624 gene","homologs"
"aterreus_eg_homolog_orthology_confidence","Aspergillus terreus NIH2624 orthology confidence [0 low, 1 high]","homologs"
"bbassiana_eg_homolog_ensembl_gene","Beauveria bassiana gene stable ID","homologs"
"bbassiana_eg_homolog_associated_gene_name","Beauveria bassiana gene name","homologs"
"bbassiana_eg_homolog_ensembl_peptide","Beauveria bassiana protein or transcript stable ID","homologs"
"bbassiana_eg_homolog_chromosome","Beauveria bassiana chromosome/scaffold name","homologs"
"bbassiana_eg_homolog_chrom_start","Beauveria bassiana chromosome/scaffold start (bp)","homologs"
"bbassiana_eg_homolog_chrom_end","Beauveria bassiana chromosome/scaffold end (bp)","homologs"
"bbassiana_eg_homolog_canonical_transcript_protein","Query protein or transcript ID","homologs"
"bbassiana_eg_homolog_subtype","Last common ancestor with Beauveria bassiana","homologs"
"bbassiana_eg_homolog_orthology_type","Beauveria bassiana homology type","homologs"
"bbassiana_eg_homolog_perc_id","%id. target Beauveria bassiana gene identical to query gene","homologs"
"bbassiana_eg_homolog_perc_id_r1","%id. query gene identical to target Beauveria bassiana gene","homologs"
"bbassiana_eg_homolog_orthology_confidence","Beauveria bassiana orthology confidence [0 low, 1 high]","homologs"
"bgraminis_eg_homolog_ensembl_gene","Blumeria graminis gene stable ID","homologs"
"bgraminis_eg_homolog_associated_gene_name","Blumeria graminis gene name","homologs"
"bgraminis_eg_homolog_ensembl_peptide","Blumeria graminis protein or transcript stable ID","homologs"
"bgraminis_eg_homolog_chromosome","Blumeria graminis chromosome/scaffold name","homologs"
"bgraminis_eg_homolog_chrom_start","Blumeria graminis chromosome/scaffold start (bp)","homologs"
"bgraminis_eg_homolog_chrom_end","Blumeria graminis chromosome/scaffold end (bp)","homologs"
"bgraminis_eg_homolog_canonical_transcript_protein","Query protein or transcript ID","homologs"
"bgraminis_eg_homolog_subtype","Last common ancestor with Blumeria graminis","homologs"
"bgraminis_eg_homolog_orthology_type","Blumeria graminis homology type","homologs"
"bgraminis_eg_homolog_perc_id","%id. target Blumeria graminis gene identical to query gene","homologs"
"bgraminis_eg_homolog_perc_id_r1","%id. query gene identical to target Blumeria graminis gene","homologs"
"bgraminis_eg_homolog_orthology_confidence","Blumeria graminis orthology confidence [0 low, 1 high]","homologs"
"bcinerea_eg_homolog_ensembl_gene","Botrytis cinerea B05.10 gene stable ID","homologs"
"bcinerea_eg_homolog_associated_gene_name","Botrytis cinerea B05.10 gene name","homologs"
"bcinerea_eg_homolog_ensembl_peptide","Botrytis cinerea B05.10 protein or transcript stable ID","homologs"
"bcinerea_eg_homolog_chromosome","Botrytis cinerea B05.10 chromosome/scaffold name","homologs"
"bcinerea_eg_homolog_chrom_start","Botrytis cinerea B05.10 chromosome/scaffold start (bp)","homologs"
"bcinerea_eg_homolog_chrom_end","Botrytis cinerea B05.10 chromosome/scaffold end (bp)","homologs"
"bcinerea_eg_homolog_canonical_transcript_protein","Query protein or transcript ID","homologs"
"bcinerea_eg_homolog_subtype","Last common ancestor with Botrytis cinerea B05.10","homologs"
"bcinerea_eg_homolog_orthology_type","Botrytis cinerea B05.10 homology type","homologs"
"bcinerea_eg_homolog_perc_id","%id. target Botrytis cinerea B05.10 gene identical to query gene","homologs"
"bcinerea_eg_homolog_perc_id_r1","%id. query gene identical to target Botrytis cinerea B05.10 gene","homologs"
"bcinerea_eg_homolog_orthology_confidence","Botrytis cinerea B05.10 orthology confidence [0 low, 1 high]","homologs"
"cgloeosporioides_eg_homolog_ensembl_gene","Colletotrichum gloeosporioides gene stable ID","homologs"
"cgloeosporioides_eg_homolog_associated_gene_name","Colletotrichum gloeosporioides gene name","homologs"
"cgloeosporioides_eg_homolog_ensembl_peptide","Colletotrichum gloeosporioides protein or transcript stable ID","homologs"
"cgloeosporioides_eg_homolog_chromosome","Colletotrichum gloeosporioides chromosome/scaffold name","homologs"
"cgloeosporioides_eg_homolog_chrom_start","Colletotrichum gloeosporioides chromosome/scaffold start (bp)","homologs"
"cgloeosporioides_eg_homolog_chrom_end","Colletotrichum gloeosporioides chromosome/scaffold end (bp)","homologs"
"cgloeosporioides_eg_homolog_canonical_transcript_protein","Query protein or transcript ID","homologs"
"cgloeosporioides_eg_homolog_subtype","Last common ancestor with Colletotrichum gloeosporioides","homologs"
"cgloeosporioides_eg_homolog_orthology_type","Colletotrichum gloeosporioides homology type","homologs"
"cgloeosporioides_eg_homolog_perc_id","%id. target Colletotrichum gloeosporioides gene identical to query gene","homologs"
"cgloeosporioides_eg_homolog_perc_id_r1","%id. query gene identical to target Colletotrichum gloeosporioides gene","homologs"
"cgloeosporioides_eg_homolog_orthology_confidence","Colletotrichum gloeosporioides orthology confidence [0 low, 1 high]","homologs"
"cgraminicola_eg_homolog_ensembl_gene","Colletotrichum graminicola gene stable ID","homologs"
"cgraminicola_eg_homolog_associated_gene_name","Colletotrichum graminicola gene name","homologs"
"cgraminicola_eg_homolog_ensembl_peptide","Colletotrichum graminicola protein or transcript stable ID","homologs"
"cgraminicola_eg_homolog_chromosome","Colletotrichum graminicola chromosome/scaffold name","homologs"
"cgraminicola_eg_homolog_chrom_start","Colletotrichum graminicola chromosome/scaffold start (bp)","homologs"
"cgraminicola_eg_homolog_chrom_end","Colletotrichum graminicola chromosome/scaffold end (bp)","homologs"
"cgraminicola_eg_homolog_canonical_transcript_protein","Query protein or transcript ID","homologs"
"cgraminicola_eg_homolog_subtype","Last common ancestor with Colletotrichum graminicola","homologs"
"cgraminicola_eg_homolog_orthology_type","Colletotrichum graminicola homology type","homologs"
"cgraminicola_eg_homolog_perc_id","%id. target Colletotrichum graminicola gene identical to query gene","homologs"
"cgraminicola_eg_homolog_perc_id_r1","%id. query gene identical to target Colletotrichum graminicola gene","homologs"
"cgraminicola_eg_homolog_orthology_confidence","Colletotrichum graminicola orthology confidence [0 low, 1 high]","homologs"
"chigginsianum_eg_homolog_ensembl_gene","Colletotrichum higginsianum gene stable ID","homologs"
"chigginsianum_eg_homolog_associated_gene_name","Colletotrichum higginsianum gene name","homologs"
"chigginsianum_eg_homolog_ensembl_peptide","Colletotrichum higginsianum protein or transcript stable ID","homologs"
"chigginsianum_eg_homolog_chromosome","Colletotrichum higginsianum chromosome/scaffold name","homologs"
"chigginsianum_eg_homolog_chrom_start","Colletotrichum higginsianum chromosome/scaffold start (bp)","homologs"
"chigginsianum_eg_homolog_chrom_end","Colletotrichum higginsianum chromosome/scaffold end (bp)","homologs"
"chigginsianum_eg_homolog_canonical_transcript_protein","Query protein or transcript ID","homologs"
"chigginsianum_eg_homolog_subtype","Last common ancestor with Colletotrichum higginsianum","homologs"
"chigginsianum_eg_homolog_orthology_type","Colletotrichum higginsianum homology type","homologs"
"chigginsianum_eg_homolog_perc_id","%id. target Colletotrichum higginsianum gene identical to query gene","homologs"
"chigginsianum_eg_homolog_perc_id_r1","%id. query gene identical to target Colletotrichum higginsianum gene","homologs"
"chigginsianum_eg_homolog_orthology_confidence","Colletotrichum higginsianum orthology confidence [0 low, 1 high]","homologs"
"corbiculare_eg_homolog_ensembl_gene","Colletotrichum orbiculare gene stable ID","homologs"
"corbiculare_eg_homolog_associated_gene_name","Colletotrichum orbiculare gene name","homologs"
"corbiculare_eg_homolog_ensembl_peptide","Colletotrichum orbiculare protein or transcript stable ID","homologs"
"corbiculare_eg_homolog_chromosome","Colletotrichum orbiculare chromosome/scaffold name","homologs"
"corbiculare_eg_homolog_chrom_start","Colletotrichum orbiculare chromosome/scaffold start (bp)","homologs"
"corbiculare_eg_homolog_chrom_end","Colletotrichum orbiculare chromosome/scaffold end (bp)","homologs"
"corbiculare_eg_homolog_canonical_transcript_protein","Query protein or transcript ID","homologs"
"corbiculare_eg_homolog_subtype","Last common ancestor with Colletotrichum orbiculare","homologs"
"corbiculare_eg_homolog_orthology_type","Colletotrichum orbiculare homology type","homologs"
"corbiculare_eg_homolog_perc_id","%id. target Colletotrichum orbiculare gene identical to query gene","homologs"
"corbiculare_eg_homolog_perc_id_r1","%id. query gene identical to target Colletotrichum orbiculare gene","homologs"
"corbiculare_eg_homolog_orthology_confidence","Colletotrichum orbiculare orthology confidence [0 low, 1 high]","homologs"
"cneoformans_eg_homolog_ensembl_gene","Cryptococcus neoformans var. neoformans JEC21 gene stable ID","homologs"
"cneoformans_eg_homolog_associated_gene_name","Cryptococcus neoformans var. neoformans JEC21 gene name","homologs"
"cneoformans_eg_homolog_ensembl_peptide","Cryptococcus neoformans var. neoformans JEC21 protein or transcript stable ID","homologs"
"cneoformans_eg_homolog_chromosome","Cryptococcus neoformans var. neoformans JEC21 chromosome/scaffold name","homologs"
"cneoformans_eg_homolog_chrom_start","Cryptococcus neoformans var. neoformans JEC21 chromosome/scaffold start (bp)","homologs"
"cneoformans_eg_homolog_chrom_end","Cryptococcus neoformans var. neoformans JEC21 chromosome/scaffold end (bp)","homologs"
"cneoformans_eg_homolog_canonical_transcript_protein","Query protein or transcript ID","homologs"
"cneoformans_eg_homolog_subtype","Last common ancestor with Cryptococcus neoformans var. neoformans JEC21","homologs"
"cneoformans_eg_homolog_orthology_type","Cryptococcus neoformans var. neoformans JEC21 homology type","homologs"
"cneoformans_eg_homolog_perc_id","%id. target Cryptococcus neoformans var. neoformans JEC21 gene identical to query gene","homologs"
"cneoformans_eg_homolog_perc_id_r1","%id. query gene identical to target Cryptococcus neoformans var. neoformans JEC21 gene","homologs"
"cneoformans_eg_homolog_orthology_confidence","Cryptococcus neoformans var. neoformans JEC21 orthology confidence [0 low, 1 high]","homologs"
"dseptosporum_eg_homolog_ensembl_gene","Dothistroma septosporum gene stable ID","homologs"
"dseptosporum_eg_homolog_associated_gene_name","Dothistroma septosporum gene name","homologs"
"dseptosporum_eg_homolog_ensembl_peptide","Dothistroma septosporum protein or transcript stable ID","homologs"
"dseptosporum_eg_homolog_chromosome","Dothistroma septosporum chromosome/scaffold name","homologs"
"dseptosporum_eg_homolog_chrom_start","Dothistroma septosporum chromosome/scaffold start (bp)","homologs"
"dseptosporum_eg_homolog_chrom_end","Dothistroma septosporum chromosome/scaffold end (bp)","homologs"
"dseptosporum_eg_homolog_canonical_transcript_protein","Query protein or transcript ID","homologs"
"dseptosporum_eg_homolog_subtype","Last common ancestor with Dothistroma septosporum","homologs"
"dseptosporum_eg_homolog_orthology_type","Dothistroma septosporum homology type","homologs"
"dseptosporum_eg_homolog_perc_id","%id. target Dothistroma septosporum gene identical to query gene","homologs"
"dseptosporum_eg_homolog_perc_id_r1","%id. query gene identical to target Dothistroma septosporum gene","homologs"
"dseptosporum_eg_homolog_orthology_confidence","Dothistroma septosporum orthology confidence [0 low, 1 high]","homologs"
"fculmorum_eg_homolog_ensembl_gene","Fusarium culmorum UK99 gene stable ID","homologs"
"fculmorum_eg_homolog_associated_gene_name","Fusarium culmorum UK99 gene name","homologs"
"fculmorum_eg_homolog_ensembl_peptide","Fusarium culmorum UK99 protein or transcript stable ID","homologs"
"fculmorum_eg_homolog_chromosome","Fusarium culmorum UK99 chromosome/scaffold name","homologs"
"fculmorum_eg_homolog_chrom_start","Fusarium culmorum UK99 chromosome/scaffold start (bp)","homologs"
"fculmorum_eg_homolog_chrom_end","Fusarium culmorum UK99 chromosome/scaffold end (bp)","homologs"
"fculmorum_eg_homolog_canonical_transcript_protein","Query protein or transcript ID","homologs"
"fculmorum_eg_homolog_subtype","Last common ancestor with Fusarium culmorum UK99","homologs"
"fculmorum_eg_homolog_orthology_type","Fusarium culmorum UK99 homology type","homologs"
"fculmorum_eg_homolog_perc_id","%id. target Fusarium culmorum UK99 gene identical to query gene","homologs"
"fculmorum_eg_homolog_perc_id_r1","%id. query gene identical to target Fusarium culmorum UK99 gene","homologs"
"fculmorum_eg_homolog_orthology_confidence","Fusarium culmorum UK99 orthology confidence [0 low, 1 high]","homologs"
"ffujikuroi_eg_homolog_ensembl_gene","Fusarium fujikuroi gene stable ID","homologs"
"ffujikuroi_eg_homolog_associated_gene_name","Fusarium fujikuroi gene name","homologs"
"ffujikuroi_eg_homolog_ensembl_peptide","Fusarium fujikuroi protein or transcript stable ID","homologs"
"ffujikuroi_eg_homolog_chromosome","Fusarium fujikuroi chromosome/scaffold name","homologs"
"ffujikuroi_eg_homolog_chrom_start","Fusarium fujikuroi chromosome/scaffold start (bp)","homologs"
"ffujikuroi_eg_homolog_chrom_end","Fusarium fujikuroi chromosome/scaffold end (bp)","homologs"
"ffujikuroi_eg_homolog_canonical_transcript_protein","Query protein or transcript ID","homologs"
"ffujikuroi_eg_homolog_subtype","Last common ancestor with Fusarium fujikuroi","homologs"
"ffujikuroi_eg_homolog_orthology_type","Fusarium fujikuroi homology type","homologs"
"ffujikuroi_eg_homolog_perc_id","%id. target Fusarium fujikuroi gene identical to query gene","homologs"
"ffujikuroi_eg_homolog_perc_id_r1","%id. query gene identical to target Fusarium fujikuroi gene","homologs"
"ffujikuroi_eg_homolog_orthology_confidence","Fusarium fujikuroi orthology confidence [0 low, 1 high]","homologs"
"foxysporum_eg_homolog_ensembl_gene","Fusarium oxysporum gene stable ID","homologs"
"foxysporum_eg_homolog_associated_gene_name","Fusarium oxysporum gene name","homologs"
"foxysporum_eg_homolog_ensembl_peptide","Fusarium oxysporum protein or transcript stable ID","homologs"
"foxysporum_eg_homolog_chromosome","Fusarium oxysporum chromosome/scaffold name","homologs"
"foxysporum_eg_homolog_chrom_start","Fusarium oxysporum chromosome/scaffold start (bp)","homologs"
"foxysporum_eg_homolog_chrom_end","Fusarium oxysporum chromosome/scaffold end (bp)","homologs"
"foxysporum_eg_homolog_canonical_transcript_protein","Query protein or transcript ID","homologs"
"foxysporum_eg_homolog_subtype","Last common ancestor with Fusarium oxysporum","homologs"
"foxysporum_eg_homolog_orthology_type","Fusarium oxysporum homology type","homologs"
"foxysporum_eg_homolog_perc_id","%id. target Fusarium oxysporum gene identical to query gene","homologs"
"foxysporum_eg_homolog_perc_id_r1","%id. query gene identical to target Fusarium oxysporum gene","homologs"
"foxysporum_eg_homolog_orthology_confidence","Fusarium oxysporum orthology confidence [0 low, 1 high]","homologs"
"fpseudograminearum_eg_homolog_ensembl_gene","Fusarium pseudograminearum gene stable ID","homologs"
"fpseudograminearum_eg_homolog_associated_gene_name","Fusarium pseudograminearum gene name","homologs"
"fpseudograminearum_eg_homolog_ensembl_peptide","Fusarium pseudograminearum protein or transcript stable ID","homologs"
"fpseudograminearum_eg_homolog_chromosome","Fusarium pseudograminearum chromosome/scaffold name","homologs"
"fpseudograminearum_eg_homolog_chrom_start","Fusarium pseudograminearum chromosome/scaffold start (bp)","homologs"
"fpseudograminearum_eg_homolog_chrom_end","Fusarium pseudograminearum chromosome/scaffold end (bp)","homologs"
"fpseudograminearum_eg_homolog_canonical_transcript_protein","Query protein or transcript ID","homologs"
"fpseudograminearum_eg_homolog_subtype","Last common ancestor with Fusarium pseudograminearum","homologs"
"fpseudograminearum_eg_homolog_orthology_type","Fusarium pseudograminearum homology type","homologs"
"fpseudograminearum_eg_homolog_perc_id","%id. target Fusarium pseudograminearum gene identical to query gene","homologs"
"fpseudograminearum_eg_homolog_perc_id_r1","%id. query gene identical to target Fusarium pseudograminearum gene","homologs"
"fpseudograminearum_eg_homolog_orthology_confidence","Fusarium pseudograminearum orthology confidence [0 low, 1 high]","homologs"
"fsolani_eg_homolog_ensembl_gene","Fusarium solani gene stable ID","homologs"
"fsolani_eg_homolog_associated_gene_name","Fusarium solani gene name","homologs"
"fsolani_eg_homolog_ensembl_peptide","Fusarium solani protein or transcript stable ID","homologs"
"fsolani_eg_homolog_chromosome","Fusarium solani chromosome/scaffold name","homologs"
"fsolani_eg_homolog_chrom_start","Fusarium solani chromosome/scaffold start (bp)","homologs"
"fsolani_eg_homolog_chrom_end","Fusarium solani chromosome/scaffold end (bp)","homologs"
"fsolani_eg_homolog_canonical_transcript_protein","Query protein or transcript ID","homologs"
"fsolani_eg_homolog_subtype","Last common ancestor with Fusarium solani","homologs"
"fsolani_eg_homolog_orthology_type","Fusarium solani homology type","homologs"
"fsolani_eg_homolog_perc_id","%id. target Fusarium solani gene identical to query gene","homologs"
"fsolani_eg_homolog_perc_id_r1","%id. query gene identical to target Fusarium solani gene","homologs"
"fsolani_eg_homolog_orthology_confidence","Fusarium solani orthology confidence [0 low, 1 high]","homologs"
"fverticillioides_eg_homolog_ensembl_gene","Fusarium verticillioides gene stable ID","homologs"
"fverticillioides_eg_homolog_associated_gene_name","Fusarium verticillioides gene name","homologs"
"fverticillioides_eg_homolog_ensembl_peptide","Fusarium verticillioides protein or transcript stable ID","homologs"
"fverticillioides_eg_homolog_chromosome","Fusarium verticillioides chromosome/scaffold name","homologs"
"fverticillioides_eg_homolog_chrom_start","Fusarium verticillioides chromosome/scaffold start (bp)","homologs"
"fverticillioides_eg_homolog_chrom_end","Fusarium verticillioides chromosome/scaffold end (bp)","homologs"
"fverticillioides_eg_homolog_canonical_transcript_protein","Query protein or transcript ID","homologs"
"fverticillioides_eg_homolog_subtype","Last common ancestor with Fusarium verticillioides","homologs"
"fverticillioides_eg_homolog_orthology_type","Fusarium verticillioides homology type","homologs"
"fverticillioides_eg_homolog_perc_id","%id. target Fusarium verticillioides gene identical to query gene","homologs"
"fverticillioides_eg_homolog_perc_id_r1","%id. query gene identical to target Fusarium verticillioides gene","homologs"
"fverticillioides_eg_homolog_orthology_confidence","Fusarium verticillioides orthology confidence [0 low, 1 high]","homologs"
"ggraminis_eg_homolog_ensembl_gene","Gaeumannomyces tritici R3-111a-1 gene stable ID","homologs"
"ggraminis_eg_homolog_associated_gene_name","Gaeumannomyces tritici R3-111a-1 gene name","homologs"
"ggraminis_eg_homolog_ensembl_peptide","Gaeumannomyces tritici R3-111a-1 protein or transcript stable ID","homologs"
"ggraminis_eg_homolog_chromosome","Gaeumannomyces tritici R3-111a-1 chromosome/scaffold name","homologs"
"ggraminis_eg_homolog_chrom_start","Gaeumannomyces tritici R3-111a-1 chromosome/scaffold start (bp)","homologs"
"ggraminis_eg_homolog_chrom_end","Gaeumannomyces tritici R3-111a-1 chromosome/scaffold end (bp)","homologs"
"ggraminis_eg_homolog_canonical_transcript_protein","Query protein or transcript ID","homologs"
"ggraminis_eg_homolog_subtype","Last common ancestor with Gaeumannomyces tritici R3-111a-1","homologs"
"ggraminis_eg_homolog_orthology_type","Gaeumannomyces tritici R3-111a-1 homology type","homologs"
"ggraminis_eg_homolog_perc_id","%id. target Gaeumannomyces tritici R3-111a-1 gene identical to query gene","homologs"
"ggraminis_eg_homolog_perc_id_r1","%id. query gene identical to target Gaeumannomyces tritici R3-111a-1 gene","homologs"
"ggraminis_eg_homolog_orthology_confidence","Gaeumannomyces tritici R3-111a-1 orthology confidence [0 low, 1 high]","homologs"
"kpastoris_eg_homolog_ensembl_gene","Komagataella pastoris gene stable ID","homologs"
"kpastoris_eg_homolog_associated_gene_name","Komagataella pastoris gene name","homologs"
"kpastoris_eg_homolog_ensembl_peptide","Komagataella pastoris protein or transcript stable ID","homologs"
"kpastoris_eg_homolog_chromosome","Komagataella pastoris chromosome/scaffold name","homologs"
"kpastoris_eg_homolog_chrom_start","Komagataella pastoris chromosome/scaffold start (bp)","homologs"
"kpastoris_eg_homolog_chrom_end","Komagataella pastoris chromosome/scaffold end (bp)","homologs"
"kpastoris_eg_homolog_canonical_transcript_protein","Query protein or transcript ID","homologs"
"kpastoris_eg_homolog_subtype","Last common ancestor with Komagataella pastoris","homologs"
"kpastoris_eg_homolog_orthology_type","Komagataella pastoris homology type","homologs"
"kpastoris_eg_homolog_perc_id","%id. target Komagataella pastoris gene identical to query gene","homologs"
"kpastoris_eg_homolog_perc_id_r1","%id. query gene identical to target Komagataella pastoris gene","homologs"
"kpastoris_eg_homolog_orthology_confidence","Komagataella pastoris orthology confidence [0 low, 1 high]","homologs"
"lmaculans_eg_homolog_ensembl_gene","Leptosphaeria maculans gene stable ID","homologs"
"lmaculans_eg_homolog_associated_gene_name","Leptosphaeria maculans gene name","homologs"
"lmaculans_eg_homolog_ensembl_peptide","Leptosphaeria maculans protein or transcript stable ID","homologs"
"lmaculans_eg_homolog_chromosome","Leptosphaeria maculans chromosome/scaffold name","homologs"
"lmaculans_eg_homolog_chrom_start","Leptosphaeria maculans chromosome/scaffold start (bp)","homologs"
"lmaculans_eg_homolog_chrom_end","Leptosphaeria maculans chromosome/scaffold end (bp)","homologs"
"lmaculans_eg_homolog_canonical_transcript_protein","Query protein or transcript ID","homologs"
"lmaculans_eg_homolog_subtype","Last common ancestor with Leptosphaeria maculans","homologs"
"lmaculans_eg_homolog_orthology_type","Leptosphaeria maculans homology type","homologs"
"lmaculans_eg_homolog_perc_id","%id. target Leptosphaeria maculans gene identical to query gene","homologs"
"lmaculans_eg_homolog_perc_id_r1","%id. query gene identical to target Leptosphaeria maculans gene","homologs"
"lmaculans_eg_homolog_orthology_confidence","Leptosphaeria maculans orthology confidence [0 low, 1 high]","homologs"
"moryzae_eg_homolog_ensembl_gene","Magnaporthe oryzae gene stable ID","homologs"
"moryzae_eg_homolog_associated_gene_name","Magnaporthe oryzae gene name","homologs"
"moryzae_eg_homolog_ensembl_peptide","Magnaporthe oryzae protein or transcript stable ID","homologs"
"moryzae_eg_homolog_chromosome","Magnaporthe oryzae chromosome/scaffold name","homologs"
"moryzae_eg_homolog_chrom_start","Magnaporthe oryzae chromosome/scaffold start (bp)","homologs"
"moryzae_eg_homolog_chrom_end","Magnaporthe oryzae chromosome/scaffold end (bp)","homologs"
"moryzae_eg_homolog_canonical_transcript_protein","Query protein or transcript ID","homologs"
"moryzae_eg_homolog_subtype","Last common ancestor with Magnaporthe oryzae","homologs"
"moryzae_eg_homolog_orthology_type","Magnaporthe oryzae homology type","homologs"
"moryzae_eg_homolog_perc_id","%id. target Magnaporthe oryzae gene identical to query gene","homologs"
"moryzae_eg_homolog_perc_id_r1","%id. query gene identical to target Magnaporthe oryzae gene","homologs"
"moryzae_eg_homolog_orthology_confidence","Magnaporthe oryzae orthology confidence [0 low, 1 high]","homologs"
"mpoae_eg_homolog_ensembl_gene","Magnaporthe poae gene stable ID","homologs"
"mpoae_eg_homolog_associated_gene_name","Magnaporthe poae gene name","homologs"
"mpoae_eg_homolog_ensembl_peptide","Magnaporthe poae protein or transcript stable ID","homologs"
"mpoae_eg_homolog_chromosome","Magnaporthe poae chromosome/scaffold name","homologs"
"mpoae_eg_homolog_chrom_start","Magnaporthe poae chromosome/scaffold start (bp)","homologs"
"mpoae_eg_homolog_chrom_end","Magnaporthe poae chromosome/scaffold end (bp)","homologs"
"mpoae_eg_homolog_canonical_transcript_protein","Query protein or transcript ID","homologs"
"mpoae_eg_homolog_subtype","Last common ancestor with Magnaporthe poae","homologs"
"mpoae_eg_homolog_orthology_type","Magnaporthe poae homology type","homologs"
"mpoae_eg_homolog_perc_id","%id. target Magnaporthe poae gene identical to query gene","homologs"
"mpoae_eg_homolog_perc_id_r1","%id. query gene identical to target Magnaporthe poae gene","homologs"
"mpoae_eg_homolog_orthology_confidence","Magnaporthe poae orthology confidence [0 low, 1 high]","homologs"
"mlaricipopulina_eg_homolog_ensembl_gene","Melampsora larici-populina gene stable ID","homologs"
"mlaricipopulina_eg_homolog_associated_gene_name","Melampsora larici-populina gene name","homologs"
"mlaricipopulina_eg_homolog_ensembl_peptide","Melampsora larici-populina protein or transcript stable ID","homologs"
"mlaricipopulina_eg_homolog_chromosome","Melampsora larici-populina chromosome/scaffold name","homologs"
"mlaricipopulina_eg_homolog_chrom_start","Melampsora larici-populina chromosome/scaffold start (bp)","homologs"
"mlaricipopulina_eg_homolog_chrom_end","Melampsora larici-populina chromosome/scaffold end (bp)","homologs"
"mlaricipopulina_eg_homolog_canonical_transcript_protein","Query protein or transcript ID","homologs"
"mlaricipopulina_eg_homolog_subtype","Last common ancestor with Melampsora larici-populina","homologs"
"mlaricipopulina_eg_homolog_orthology_type","Melampsora larici-populina homology type","homologs"
"mlaricipopulina_eg_homolog_perc_id","%id. target Melampsora larici-populina gene identical to query gene","homologs"
"mlaricipopulina_eg_homolog_perc_id_r1","%id. query gene identical to target Melampsora larici-populina gene","homologs"
"mlaricipopulina_eg_homolog_orthology_confidence","Melampsora larici-populina orthology confidence [0 low, 1 high]","homologs"
"mviolaceum_eg_homolog_ensembl_gene","Microbotryum violaceum gene stable ID","homologs"
"mviolaceum_eg_homolog_associated_gene_name","Microbotryum violaceum gene name","homologs"
"mviolaceum_eg_homolog_ensembl_peptide","Microbotryum violaceum protein or transcript stable ID","homologs"
"mviolaceum_eg_homolog_chromosome","Microbotryum violaceum chromosome/scaffold name","homologs"
"mviolaceum_eg_homolog_chrom_start","Microbotryum violaceum chromosome/scaffold start (bp)","homologs"
"mviolaceum_eg_homolog_chrom_end","Microbotryum violaceum chromosome/scaffold end (bp)","homologs"
"mviolaceum_eg_homolog_canonical_transcript_protein","Query protein or transcript ID","homologs"
"mviolaceum_eg_homolog_subtype","Last common ancestor with Microbotryum violaceum","homologs"
"mviolaceum_eg_homolog_orthology_type","Microbotryum violaceum homology type","homologs"
"mviolaceum_eg_homolog_perc_id","%id. target Microbotryum violaceum gene identical to query gene","homologs"
"mviolaceum_eg_homolog_perc_id_r1","%id. query gene identical to target Microbotryum violaceum gene","homologs"
"mviolaceum_eg_homolog_orthology_confidence","Microbotryum violaceum orthology confidence [0 low, 1 high]","homologs"
"ncrassa_eg_homolog_ensembl_gene","Neurospora crassa gene stable ID","homologs"
"ncrassa_eg_homolog_associated_gene_name","Neurospora crassa gene name","homologs"
"ncrassa_eg_homolog_ensembl_peptide","Neurospora crassa protein or transcript stable ID","homologs"
"ncrassa_eg_homolog_chromosome","Neurospora crassa chromosome/scaffold name","homologs"
"ncrassa_eg_homolog_chrom_start","Neurospora crassa chromosome/scaffold start (bp)","homologs"
"ncrassa_eg_homolog_chrom_end","Neurospora crassa chromosome/scaffold end (bp)","homologs"
"ncrassa_eg_homolog_canonical_transcript_protein","Query protein or transcript ID","homologs"
"ncrassa_eg_homolog_subtype","Last common ancestor with Neurospora crassa","homologs"
"ncrassa_eg_homolog_orthology_type","Neurospora crassa homology type","homologs"
"ncrassa_eg_homolog_perc_id","%id. target Neurospora crassa gene identical to query gene","homologs"
"ncrassa_eg_homolog_perc_id_r1","%id. query gene identical to target Neurospora crassa gene","homologs"
"ncrassa_eg_homolog_orthology_confidence","Neurospora crassa orthology confidence [0 low, 1 high]","homologs"
"pnodorum_eg_homolog_ensembl_gene","Phaeosphaeria nodorum gene stable ID","homologs"
"pnodorum_eg_homolog_associated_gene_name","Phaeosphaeria nodorum gene name","homologs"
"pnodorum_eg_homolog_ensembl_peptide","Phaeosphaeria nodorum protein or transcript stable ID","homologs"
"pnodorum_eg_homolog_chromosome","Phaeosphaeria nodorum chromosome/scaffold name","homologs"
"pnodorum_eg_homolog_chrom_start","Phaeosphaeria nodorum chromosome/scaffold start (bp)","homologs"
"pnodorum_eg_homolog_chrom_end","Phaeosphaeria nodorum chromosome/scaffold end (bp)","homologs"
"pnodorum_eg_homolog_canonical_transcript_protein","Query protein or transcript ID","homologs"
"pnodorum_eg_homolog_subtype","Last common ancestor with Phaeosphaeria nodorum","homologs"
"pnodorum_eg_homolog_orthology_type","Phaeosphaeria nodorum homology type","homologs"
"pnodorum_eg_homolog_perc_id","%id. target Phaeosphaeria nodorum gene identical to query gene","homologs"
"pnodorum_eg_homolog_perc_id_r1","%id. query gene identical to target Phaeosphaeria nodorum gene","homologs"
"pnodorum_eg_homolog_orthology_confidence","Phaeosphaeria nodorum orthology confidence [0 low, 1 high]","homologs"
"pgraminis_eg_homolog_ensembl_gene","Puccinia graminis gene stable ID","homologs"
"pgraminis_eg_homolog_associated_gene_name","Puccinia graminis gene name","homologs"
"pgraminis_eg_homolog_ensembl_peptide","Puccinia graminis protein or transcript stable ID","homologs"
"pgraminis_eg_homolog_chromosome","Puccinia graminis chromosome/scaffold name","homologs"
"pgraminis_eg_homolog_chrom_start","Puccinia graminis chromosome/scaffold start (bp)","homologs"
"pgraminis_eg_homolog_chrom_end","Puccinia graminis chromosome/scaffold end (bp)","homologs"
"pgraminis_eg_homolog_canonical_transcript_protein","Query protein or transcript ID","homologs"
"pgraminis_eg_homolog_subtype","Last common ancestor with Puccinia graminis","homologs"
"pgraminis_eg_homolog_orthology_type","Puccinia graminis homology type","homologs"
"pgraminis_eg_homolog_perc_id","%id. target Puccinia graminis gene identical to query gene","homologs"
"pgraminis_eg_homolog_perc_id_r1","%id. query gene identical to target Puccinia graminis gene","homologs"
"pgraminis_eg_homolog_orthology_confidence","Puccinia graminis orthology confidence [0 low, 1 high]","homologs"
"pgraminisug99_eg_homolog_ensembl_gene","Puccinia graminis Ug99 gene stable ID","homologs"
"pgraminisug99_eg_homolog_associated_gene_name","Puccinia graminis Ug99 gene name","homologs"
"pgraminisug99_eg_homolog_ensembl_peptide","Puccinia graminis Ug99 protein or transcript stable ID","homologs"
"pgraminisug99_eg_homolog_chromosome","Puccinia graminis Ug99 chromosome/scaffold name","homologs"
"pgraminisug99_eg_homolog_chrom_start","Puccinia graminis Ug99 chromosome/scaffold start (bp)","homologs"
"pgraminisug99_eg_homolog_chrom_end","Puccinia graminis Ug99 chromosome/scaffold end (bp)","homologs"
"pgraminisug99_eg_homolog_canonical_transcript_protein","Query protein or transcript ID","homologs"
"pgraminisug99_eg_homolog_subtype","Last common ancestor with Puccinia graminis Ug99","homologs"
"pgraminisug99_eg_homolog_orthology_type","Puccinia graminis Ug99 homology type","homologs"
"pgraminisug99_eg_homolog_perc_id","%id. target Puccinia graminis Ug99 gene identical to query gene","homologs"
"pgraminisug99_eg_homolog_perc_id_r1","%id. query gene identical to target Puccinia graminis Ug99 gene","homologs"
"pgraminisug99_eg_homolog_orthology_confidence","Puccinia graminis Ug99 orthology confidence [0 low, 1 high]","homologs"
"ptriticina_eg_homolog_ensembl_gene","Puccinia triticina gene stable ID","homologs"
"ptriticina_eg_homolog_associated_gene_name","Puccinia triticina gene name","homologs"
"ptriticina_eg_homolog_ensembl_peptide","Puccinia triticina protein or transcript stable ID","homologs"
"ptriticina_eg_homolog_chromosome","Puccinia triticina chromosome/scaffold name","homologs"
"ptriticina_eg_homolog_chrom_start","Puccinia triticina chromosome/scaffold start (bp)","homologs"
"ptriticina_eg_homolog_chrom_end","Puccinia triticina chromosome/scaffold end (bp)","homologs"
"ptriticina_eg_homolog_canonical_transcript_protein","Query protein or transcript ID","homologs"
"ptriticina_eg_homolog_subtype","Last common ancestor with Puccinia triticina","homologs"
"ptriticina_eg_homolog_orthology_type","Puccinia triticina homology type","homologs"
"ptriticina_eg_homolog_perc_id","%id. target Puccinia triticina gene identical to query gene","homologs"
"ptriticina_eg_homolog_perc_id_r1","%id. query gene identical to target Puccinia triticina gene","homologs"
"ptriticina_eg_homolog_orthology_confidence","Puccinia triticina orthology confidence [0 low, 1 high]","homologs"
"pteres_eg_homolog_ensembl_gene","Pyrenophora teres gene stable ID","homologs"
"pteres_eg_homolog_associated_gene_name","Pyrenophora teres gene name","homologs"
"pteres_eg_homolog_ensembl_peptide","Pyrenophora teres protein or transcript stable ID","homologs"
"pteres_eg_homolog_chromosome","Pyrenophora teres chromosome/scaffold name","homologs"
"pteres_eg_homolog_chrom_start","Pyrenophora teres chromosome/scaffold start (bp)","homologs"
"pteres_eg_homolog_chrom_end","Pyrenophora teres chromosome/scaffold end (bp)","homologs"
"pteres_eg_homolog_canonical_transcript_protein","Query protein or transcript ID","homologs"
"pteres_eg_homolog_subtype","Last common ancestor with Pyrenophora teres","homologs"
"pteres_eg_homolog_orthology_type","Pyrenophora teres homology type","homologs"
"pteres_eg_homolog_perc_id","%id. target Pyrenophora teres gene identical to query gene","homologs"
"pteres_eg_homolog_perc_id_r1","%id. query gene identical to target Pyrenophora teres gene","homologs"
"pteres_eg_homolog_orthology_confidence","Pyrenophora teres orthology confidence [0 low, 1 high]","homologs"
"ptriticirepentis_eg_homolog_ensembl_gene","Pyrenophora tritici-repentis Pt-1C-BFP gene stable ID","homologs"
"ptriticirepentis_eg_homolog_associated_gene_name","Pyrenophora tritici-repentis Pt-1C-BFP gene name","homologs"
"ptriticirepentis_eg_homolog_ensembl_peptide","Pyrenophora tritici-repentis Pt-1C-BFP protein or transcript stable ID","homologs"
"ptriticirepentis_eg_homolog_chromosome","Pyrenophora tritici-repentis Pt-1C-BFP chromosome/scaffold name","homologs"
"ptriticirepentis_eg_homolog_chrom_start","Pyrenophora tritici-repentis Pt-1C-BFP chromosome/scaffold start (bp)","homologs"
"ptriticirepentis_eg_homolog_chrom_end","Pyrenophora tritici-repentis Pt-1C-BFP chromosome/scaffold end (bp)","homologs"
"ptriticirepentis_eg_homolog_canonical_transcript_protein","Query protein or transcript ID","homologs"
"ptriticirepentis_eg_homolog_subtype","Last common ancestor with Pyrenophora tritici-repentis Pt-1C-BFP","homologs"
"ptriticirepentis_eg_homolog_orthology_type","Pyrenophora tritici-repentis Pt-1C-BFP homology type","homologs"
"ptriticirepentis_eg_homolog_perc_id","%id. target Pyrenophora tritici-repentis Pt-1C-BFP gene identical to query gene","homologs"
"ptriticirepentis_eg_homolog_perc_id_r1","%id. query gene identical to target Pyrenophora tritici-repentis Pt-1C-BFP gene","homologs"
"ptriticirepentis_eg_homolog_orthology_confidence","Pyrenophora tritici-repentis Pt-1C-BFP orthology confidence [0 low, 1 high]","homologs"
"scerevisiae_eg_homolog_ensembl_gene","Saccharomyces cerevisiae gene stable ID","homologs"
"scerevisiae_eg_homolog_associated_gene_name","Saccharomyces cerevisiae gene name","homologs"
"scerevisiae_eg_homolog_ensembl_peptide","Saccharomyces cerevisiae protein or transcript stable ID","homologs"
"scerevisiae_eg_homolog_chromosome","Saccharomyces cerevisiae chromosome/scaffold name","homologs"
"scerevisiae_eg_homolog_chrom_start","Saccharomyces cerevisiae chromosome/scaffold start (bp)","homologs"
"scerevisiae_eg_homolog_chrom_end","Saccharomyces cerevisiae chromosome/scaffold end (bp)","homologs"
"scerevisiae_eg_homolog_canonical_transcript_protein","Query protein or transcript ID","homologs"
"scerevisiae_eg_homolog_subtype","Last common ancestor with Saccharomyces cerevisiae","homologs"
"scerevisiae_eg_homolog_orthology_type","Saccharomyces cerevisiae homology type","homologs"
"scerevisiae_eg_homolog_perc_id","%id. target Saccharomyces cerevisiae gene identical to query gene","homologs"
"scerevisiae_eg_homolog_perc_id_r1","%id. query gene identical to target Saccharomyces cerevisiae gene","homologs"
"scerevisiae_eg_homolog_orthology_confidence","Saccharomyces cerevisiae orthology confidence [0 low, 1 high]","homologs"
"scryophilus_eg_homolog_ensembl_gene","Schizosaccharomyces cryophilus gene stable ID","homologs"
"scryophilus_eg_homolog_associated_gene_name","Schizosaccharomyces cryophilus gene name","homologs"
"scryophilus_eg_homolog_ensembl_peptide","Schizosaccharomyces cryophilus protein or transcript stable ID","homologs"
"scryophilus_eg_homolog_chromosome","Schizosaccharomyces cryophilus chromosome/scaffold name","homologs"
"scryophilus_eg_homolog_chrom_start","Schizosaccharomyces cryophilus chromosome/scaffold start (bp)","homologs"
"scryophilus_eg_homolog_chrom_end","Schizosaccharomyces cryophilus chromosome/scaffold end (bp)","homologs"
"scryophilus_eg_homolog_canonical_transcript_protein","Query protein or transcript ID","homologs"
"scryophilus_eg_homolog_subtype","Last common ancestor with Schizosaccharomyces cryophilus","homologs"
"scryophilus_eg_homolog_orthology_type","Schizosaccharomyces cryophilus homology type","homologs"
"scryophilus_eg_homolog_perc_id","%id. target Schizosaccharomyces cryophilus gene identical to query gene","homologs"
"scryophilus_eg_homolog_perc_id_r1","%id. query gene identical to target Schizosaccharomyces cryophilus gene","homologs"
"scryophilus_eg_homolog_orthology_confidence","Schizosaccharomyces cryophilus orthology confidence [0 low, 1 high]","homologs"
"sjaponicus_eg_homolog_ensembl_gene","Schizosaccharomyces japonicus gene stable ID","homologs"
"sjaponicus_eg_homolog_associated_gene_name","Schizosaccharomyces japonicus gene name","homologs"
"sjaponicus_eg_homolog_ensembl_peptide","Schizosaccharomyces japonicus protein or transcript stable ID","homologs"
"sjaponicus_eg_homolog_chromosome","Schizosaccharomyces japonicus chromosome/scaffold name","homologs"
"sjaponicus_eg_homolog_chrom_start","Schizosaccharomyces japonicus chromosome/scaffold start (bp)","homologs"
"sjaponicus_eg_homolog_chrom_end","Schizosaccharomyces japonicus chromosome/scaffold end (bp)","homologs"
"sjaponicus_eg_homolog_canonical_transcript_protein","Query protein or transcript ID","homologs"
"sjaponicus_eg_homolog_subtype","Last common ancestor with Schizosaccharomyces japonicus","homologs"
"sjaponicus_eg_homolog_orthology_type","Schizosaccharomyces japonicus homology type","homologs"
"sjaponicus_eg_homolog_perc_id","%id. target Schizosaccharomyces japonicus gene identical to query gene","homologs"
"sjaponicus_eg_homolog_perc_id_r1","%id. query gene identical to target Schizosaccharomyces japonicus gene","homologs"
"sjaponicus_eg_homolog_orthology_confidence","Schizosaccharomyces japonicus orthology confidence [0 low, 1 high]","homologs"
"soctosporus_eg_homolog_ensembl_gene","Schizosaccharomyces octosporus gene stable ID","homologs"
"soctosporus_eg_homolog_associated_gene_name","Schizosaccharomyces octosporus gene name","homologs"
"soctosporus_eg_homolog_ensembl_peptide","Schizosaccharomyces octosporus protein or transcript stable ID","homologs"
"soctosporus_eg_homolog_chromosome","Schizosaccharomyces octosporus chromosome/scaffold name","homologs"
"soctosporus_eg_homolog_chrom_start","Schizosaccharomyces octosporus chromosome/scaffold start (bp)","homologs"
"soctosporus_eg_homolog_chrom_end","Schizosaccharomyces octosporus chromosome/scaffold end (bp)","homologs"
"soctosporus_eg_homolog_canonical_transcript_protein","Query protein or transcript ID","homologs"
"soctosporus_eg_homolog_subtype","Last common ancestor with Schizosaccharomyces octosporus","homologs"
"soctosporus_eg_homolog_orthology_type","Schizosaccharomyces octosporus homology type","homologs"
"soctosporus_eg_homolog_perc_id","%id. target Schizosaccharomyces octosporus gene identical to query gene","homologs"
"soctosporus_eg_homolog_perc_id_r1","%id. query gene identical to target Schizosaccharomyces octosporus gene","homologs"
"soctosporus_eg_homolog_orthology_confidence","Schizosaccharomyces octosporus orthology confidence [0 low, 1 high]","homologs"
"spombe_eg_homolog_ensembl_gene","Schizosaccharomyces pombe gene stable ID","homologs"
"spombe_eg_homolog_associated_gene_name","Schizosaccharomyces pombe gene name","homologs"
"spombe_eg_homolog_ensembl_peptide","Schizosaccharomyces pombe protein or transcript stable ID","homologs"
"spombe_eg_homolog_chromosome","Schizosaccharomyces pombe chromosome/scaffold name","homologs"
"spombe_eg_homolog_chrom_start","Schizosaccharomyces pombe chromosome/scaffold start (bp)","homologs"
"spombe_eg_homolog_chrom_end","Schizosaccharomyces pombe chromosome/scaffold end (bp)","homologs"
"spombe_eg_homolog_canonical_transcript_protein","Query protein or transcript ID","homologs"
"spombe_eg_homolog_subtype","Last common ancestor with Schizosaccharomyces pombe","homologs"
"spombe_eg_homolog_orthology_type","Schizosaccharomyces pombe homology type","homologs"
"spombe_eg_homolog_perc_id","%id. target Schizosaccharomyces pombe gene identical to query gene","homologs"
"spombe_eg_homolog_perc_id_r1","%id. query gene identical to target Schizosaccharomyces pombe gene","homologs"
"spombe_eg_homolog_orthology_confidence","Schizosaccharomyces pombe orthology confidence [0 low, 1 high]","homologs"
"ssclerotiorum_eg_homolog_ensembl_gene","Sclerotinia sclerotiorum gene stable ID","homologs"
"ssclerotiorum_eg_homolog_associated_gene_name","Sclerotinia sclerotiorum gene name","homologs"
"ssclerotiorum_eg_homolog_ensembl_peptide","Sclerotinia sclerotiorum protein or transcript stable ID","homologs"
"ssclerotiorum_eg_homolog_chromosome","Sclerotinia sclerotiorum chromosome/scaffold name","homologs"
"ssclerotiorum_eg_homolog_chrom_start","Sclerotinia sclerotiorum chromosome/scaffold start (bp)","homologs"
"ssclerotiorum_eg_homolog_chrom_end","Sclerotinia sclerotiorum chromosome/scaffold end (bp)","homologs"
"ssclerotiorum_eg_homolog_canonical_transcript_protein","Query protein or transcript ID","homologs"
"ssclerotiorum_eg_homolog_subtype","Last common ancestor with Sclerotinia sclerotiorum","homologs"
"ssclerotiorum_eg_homolog_orthology_type","Sclerotinia sclerotiorum homology type","homologs"
"ssclerotiorum_eg_homolog_perc_id","%id. target Sclerotinia sclerotiorum gene identical to query gene","homologs"
"ssclerotiorum_eg_homolog_perc_id_r1","%id. query gene identical to target Sclerotinia sclerotiorum gene","homologs"
"ssclerotiorum_eg_homolog_orthology_confidence","Sclerotinia sclerotiorum orthology confidence [0 low, 1 high]","homologs"
"sreilianum_eg_homolog_ensembl_gene","Sporisorium reilianum gene stable ID","homologs"
"sreilianum_eg_homolog_associated_gene_name","Sporisorium reilianum gene name","homologs"
"sreilianum_eg_homolog_ensembl_peptide","Sporisorium reilianum protein or transcript stable ID","homologs"
"sreilianum_eg_homolog_chromosome","Sporisorium reilianum chromosome/scaffold name","homologs"
"sreilianum_eg_homolog_chrom_start","Sporisorium reilianum chromosome/scaffold start (bp)","homologs"
"sreilianum_eg_homolog_chrom_end","Sporisorium reilianum chromosome/scaffold end (bp)","homologs"
"sreilianum_eg_homolog_canonical_transcript_protein","Query protein or transcript ID","homologs"
"sreilianum_eg_homolog_subtype","Last common ancestor with Sporisorium reilianum","homologs"
"sreilianum_eg_homolog_orthology_type","Sporisorium reilianum homology type","homologs"
"sreilianum_eg_homolog_perc_id","%id. target Sporisorium reilianum gene identical to query gene","homologs"
"sreilianum_eg_homolog_perc_id_r1","%id. query gene identical to target Sporisorium reilianum gene","homologs"
"sreilianum_eg_homolog_orthology_confidence","Sporisorium reilianum orthology confidence [0 low, 1 high]","homologs"
"treesei_eg_homolog_ensembl_gene","Trichoderma reesei gene stable ID","homologs"
"treesei_eg_homolog_associated_gene_name","Trichoderma reesei gene name","homologs"
"treesei_eg_homolog_ensembl_peptide","Trichoderma reesei protein or transcript stable ID","homologs"
"treesei_eg_homolog_chromosome","Trichoderma reesei chromosome/scaffold name","homologs"
"treesei_eg_homolog_chrom_start","Trichoderma reesei chromosome/scaffold start (bp)","homologs"
"treesei_eg_homolog_chrom_end","Trichoderma reesei chromosome/scaffold end (bp)","homologs"
"treesei_eg_homolog_canonical_transcript_protein","Query protein or transcript ID","homologs"
"treesei_eg_homolog_subtype","Last common ancestor with Trichoderma reesei","homologs"
"treesei_eg_homolog_orthology_type","Trichoderma reesei homology type","homologs"
"treesei_eg_homolog_perc_id","%id. target Trichoderma reesei gene identical to query gene","homologs"
"treesei_eg_homolog_perc_id_r1","%id. query gene identical to target Trichoderma reesei gene","homologs"
"treesei_eg_homolog_orthology_confidence","Trichoderma reesei orthology confidence [0 low, 1 high]","homologs"
"tvirens_eg_homolog_ensembl_gene","Trichoderma virens gene stable ID","homologs"
"tvirens_eg_homolog_associated_gene_name","Trichoderma virens gene name","homologs"
"tvirens_eg_homolog_ensembl_peptide","Trichoderma virens protein or transcript stable ID","homologs"
"tvirens_eg_homolog_chromosome","Trichoderma virens chromosome/scaffold name","homologs"
"tvirens_eg_homolog_chrom_start","Trichoderma virens chromosome/scaffold start (bp)","homologs"
"tvirens_eg_homolog_chrom_end","Trichoderma virens chromosome/scaffold end (bp)","homologs"
"tvirens_eg_homolog_canonical_transcript_protein","Query protein or transcript ID","homologs"
"tvirens_eg_homolog_subtype","Last common ancestor with Trichoderma virens","homologs"
"tvirens_eg_homolog_orthology_type","Trichoderma virens homology type","homologs"
"tvirens_eg_homolog_perc_id","%id. target Trichoderma virens gene identical to query gene","homologs"
"tvirens_eg_homolog_perc_id_r1","%id. query gene identical to target Trichoderma virens gene","homologs"
"tvirens_eg_homolog_orthology_confidence","Trichoderma virens orthology confidence [0 low, 1 high]","homologs"
"tmelanosporum_eg_homolog_ensembl_gene","Tuber melanosporum gene stable ID","homologs"
"tmelanosporum_eg_homolog_associated_gene_name","Tuber melanosporum gene name","homologs"
"tmelanosporum_eg_homolog_ensembl_peptide","Tuber melanosporum protein or transcript stable ID","homologs"
"tmelanosporum_eg_homolog_chromosome","Tuber melanosporum chromosome/scaffold name","homologs"
"tmelanosporum_eg_homolog_chrom_start","Tuber melanosporum chromosome/scaffold start (bp)","homologs"
"tmelanosporum_eg_homolog_chrom_end","Tuber melanosporum chromosome/scaffold end (bp)","homologs"
"tmelanosporum_eg_homolog_canonical_transcript_protein","Query protein or transcript ID","homologs"
"tmelanosporum_eg_homolog_subtype","Last common ancestor with Tuber melanosporum","homologs"
"tmelanosporum_eg_homolog_orthology_type","Tuber melanosporum homology type","homologs"
"tmelanosporum_eg_homolog_perc_id","%id. target Tuber melanosporum gene identical to query gene","homologs"
"tmelanosporum_eg_homolog_perc_id_r1","%id. query gene identical to target Tuber melanosporum gene","homologs"
"tmelanosporum_eg_homolog_orthology_confidence","Tuber melanosporum orthology confidence [0 low, 1 high]","homologs"
"umaydis_eg_homolog_ensembl_gene","Ustilago maydis gene stable ID","homologs"
"umaydis_eg_homolog_associated_gene_name","Ustilago maydis gene name","homologs"
"umaydis_eg_homolog_ensembl_peptide","Ustilago maydis protein or transcript stable ID","homologs"
"umaydis_eg_homolog_chromosome","Ustilago maydis chromosome/scaffold name","homologs"
"umaydis_eg_homolog_chrom_start","Ustilago maydis chromosome/scaffold start (bp)","homologs"
"umaydis_eg_homolog_chrom_end","Ustilago maydis chromosome/scaffold end (bp)","homologs"
"umaydis_eg_homolog_canonical_transcript_protein","Query protein or transcript ID","homologs"
"umaydis_eg_homolog_subtype","Last common ancestor with Ustilago maydis","homologs"
"umaydis_eg_homolog_orthology_type","Ustilago maydis homology type","homologs"
"umaydis_eg_homolog_perc_id","%id. target Ustilago maydis gene identical to query gene","homologs"
"umaydis_eg_homolog_perc_id_r1","%id. query gene identical to target Ustilago maydis gene","homologs"
"umaydis_eg_homolog_orthology_confidence","Ustilago maydis orthology confidence [0 low, 1 high]","homologs"
"vdahliae_eg_homolog_ensembl_gene","Verticillium dahliae gene stable ID","homologs"
"vdahliae_eg_homolog_associated_gene_name","Verticillium dahliae gene name","homologs"
"vdahliae_eg_homolog_ensembl_peptide","Verticillium dahliae protein or transcript stable ID","homologs"
"vdahliae_eg_homolog_chromosome","Verticillium dahliae chromosome/scaffold name","homologs"
"vdahliae_eg_homolog_chrom_start","Verticillium dahliae chromosome/scaffold start (bp)","homologs"
"vdahliae_eg_homolog_chrom_end","Verticillium dahliae chromosome/scaffold end (bp)","homologs"
"vdahliae_eg_homolog_canonical_transcript_protein","Query protein or transcript ID","homologs"
"vdahliae_eg_homolog_subtype","Last common ancestor with Verticillium dahliae","homologs"
"vdahliae_eg_homolog_orthology_type","Verticillium dahliae homology type","homologs"
"vdahliae_eg_homolog_perc_id","%id. target Verticillium dahliae gene identical to query gene","homologs"
"vdahliae_eg_homolog_perc_id_r1","%id. query gene identical to target Verticillium dahliae gene","homologs"
"vdahliae_eg_homolog_orthology_confidence","Verticillium dahliae orthology confidence [0 low, 1 high]","homologs"
"ztritici_eg_homolog_ensembl_gene","Zymoseptoria tritici gene stable ID","homologs"
"ztritici_eg_homolog_associated_gene_name","Zymoseptoria tritici gene name","homologs"
"ztritici_eg_homolog_ensembl_peptide","Zymoseptoria tritici protein or transcript stable ID","homologs"
"ztritici_eg_homolog_chromosome","Zymoseptoria tritici chromosome/scaffold name","homologs"
"ztritici_eg_homolog_chrom_start","Zymoseptoria tritici chromosome/scaffold start (bp)","homologs"
"ztritici_eg_homolog_chrom_end","Zymoseptoria tritici chromosome/scaffold end (bp)","homologs"
"ztritici_eg_homolog_canonical_transcript_protein","Query protein or transcript ID","homologs"
"ztritici_eg_homolog_subtype","Last common ancestor with Zymoseptoria tritici","homologs"
"ztritici_eg_homolog_orthology_type","Zymoseptoria tritici homology type","homologs"
"ztritici_eg_homolog_perc_id","%id. target Zymoseptoria tritici gene identical to query gene","homologs"
"ztritici_eg_homolog_perc_id_r1","%id. query gene identical to target Zymoseptoria tritici gene","homologs"
"ztritici_eg_homolog_orthology_confidence","Zymoseptoria tritici orthology confidence [0 low, 1 high]","homologs"
"aniger_eg_paralog_ensembl_gene","Aspergillus niger paralogue gene stable ID","homologs"
"aniger_eg_paralog_associated_gene_name","Aspergillus niger paralogue associated gene name","homologs"
"aniger_eg_paralog_ensembl_peptide","Aspergillus niger paralogue protein or transcript ID","homologs"
"aniger_eg_paralog_chromosome","Aspergillus niger paralogue chromosome/scaffold name","homologs"
"aniger_eg_paralog_chrom_start","Aspergillus niger paralogue chromosome/scaffold start (bp)","homologs"
"aniger_eg_paralog_chrom_end","Aspergillus niger paralogue chromosome/scaffold end (bp)","homologs"
"aniger_eg_paralog_canonical_transcript_protein","Paralogue query protein or transcript ID","homologs"
"aniger_eg_paralog_subtype","Paralogue last common ancestor with Aspergillus niger","homologs"
"aniger_eg_paralog_orthology_type","Aspergillus niger paralogue homology type","homologs"
"aniger_eg_paralog_perc_id","Paralogue %id. target Aspergillus niger gene identical to query gene","homologs"
"aniger_eg_paralog_perc_id_r1","Paralogue %id. query gene identical to target Aspergillus niger gene","homologs"
"transcript_exon_intron","Unspliced (Transcript)","sequences"
"gene_exon_intron","Unspliced (Gene)","sequences"
"transcript_flank","Flank (Transcript)","sequences"
"gene_flank","Flank (Gene)","sequences"
"coding_transcript_flank","Flank-coding region (Transcript)","sequences"
"coding_gene_flank","Flank-coding region (Gene)","sequences"
"5utr","5' UTR","sequences"
"3utr","3' UTR","sequences"
"gene_exon","Exon sequences","sequences"
"cdna","cDNA sequences","sequences"
"coding","Coding sequence","sequences"
"peptide","Peptide","sequences"
"upstream_flank","upstream_flank","sequences"
"downstream_flank","downstream_flank","sequences"
"ensembl_gene_id","Gene stable ID","sequences"
"description","Gene description","sequences"
"external_gene_name","Gene name","sequences"
"external_gene_source","Source of gene name","sequences"
"chromosome_name","Chromosome/scaffold name","sequences"
"start_position","Gene start (bp)","sequences"
"end_position","Gene end (bp)","sequences"
"gene_biotype","Gene type","sequences"
"family","Ensembl Protein Family ID(s)","sequences"
"uniparc","UniParc ID","sequences"
"uniprotswissprot","UniProtKB/Swiss-Prot ID","sequences"
"uniprotsptrembl","UniProtKB/TrEMBL ID","sequences"
"cdna_coding_start","CDS start (within cDNA)","sequences"
"cdna_coding_end","CDS end (within cDNA)","sequences"
"5_utr_start","5' UTR start","sequences"
"5_utr_end","5' UTR end","sequences"
"3_utr_start","3' UTR start","sequences"
"3_utr_end","3' UTR end","sequences"
"ensembl_transcript_id","Transcript stable ID","sequences"
"ensembl_peptide_id","Protein stable ID","sequences"
"transcript_biotype","Transcript type","sequences"
"strand","Strand","sequences"
"transcript_start","Transcript start (bp)","sequences"
"transcript_end","Transcript end (bp)","sequences"
"transcription_start_site","Transcription start site (TSS)","sequences"
"transcript_length","Transcript length (including UTRs and CDS)","sequences"
"cds_length","CDS Length","sequences"
"cds_start","CDS start","sequences"
"cds_end","CDS end","sequences"
"ensembl_exon_id","Exon stable ID","sequences"
"exon_chrom_start","Exon region start (bp)","sequences"
"exon_chrom_end","Exon region end (bp)","sequences"
"strand","Strand","sequences"
"rank","Exon rank in transcript","sequences"
"phase","Start phase","sequences"
"end_phase","End phase","sequences"
"cdna_coding_start","cDNA coding start","sequences"
"cdna_coding_end","cDNA coding end","sequences"
"genomic_coding_start","Genomic coding start","sequences"
"genomic_coding_end","Genomic coding end","sequences"
"is_constitutive","Constitutive exon","sequences"
